PERKS,,,,,,,,,,,,,
perkname_graham_pure_blood,"纯净血液",,,,,,,,,,,,
perkdesc_graham_pure_blood,"你的血液被纯净液体所取代。",,,,,,,,,,,,
perkname_graham_salt_blood,"盐分血液",,,,,,,,,,,,
perkdesc_graham_salt_blood,"你受伤时会流出盐，平时能够缓慢地吸收附近的液体，并减少一点受到伤害。",,,,,,,,,,,,
perkname_graham_item_lottery,"抽奖（一次性）",,,,,,,,,,,,
perkdesc_graham_item_lottery,在你面前生成一些随机物品和药水！,,,,,,,,,,,,
perkname_graham_meat_money,"点尸成金",,,,,,,,,,,,
perkdesc_graham_meat_money,大多数附近的敌人尸体都被转化为黄金。,,,,,,,,,,,,
perkname_graham_lifelottery,"生命博彩（一次性）",,,,,,,,,,,,
perkdesc_graham_lifelottery,"1/2 做好赌输的准备了吗？",,,,,,,,,,,,
perkname_graham_heatwave,"热浪",,,,,,,,,,,,
perkdesc_graham_heatwave,"你融化附近的冰和其他寒冷的物质，并且免疫冻结。",,,,,,,,,,,,
perkname_graham_wand_reforge,"魔杖重铸（一次性）",,,,,,,,,,,,
perkdesc_graham_wand_reforge,"你手持的魔杖属性略有提高。",,,,,,,,,,,,
perkname_graham_healthy_hearts,"健康的心",,,,,,,,,,,,
perkdesc_graham_healthy_hearts,"增加最大生命值的红心也会治愈你。",,,,,,,,,,,,
perkname_graham_bloody_perk,"血腥奖励",,,,,,,,,,,,
perkdesc_graham_bloody_perk,"在一个关卡杀死足够多的敌人后，你会在圣山获得额外奖励。",,,,,,,,,,,,
perkname_graham_elementals,"友好元素（一次性）",,,,,,,,,,,,
perkdesc_graham_elementals,"你获得了一件可以安抚元素的神器。",,,,,,,,,,,,
perkname_graham_lucky_clover,"幸运四叶草",,,,,,,,,,,,
perkdesc_graham_lucky_clover,"您找到红心或稀有宝箱的机会将大大增加。",,,,,,,,,,,,
perkname_graham_revenge_freeze,"复仇冻结",,,,,,,,,,,,
perkdesc_graham_revenge_freeze,"你在受到伤害时释放出冰冷的投射物。",,,,,,,,,,,,
perkname_graham_immunityaura,"免疫光环",,,,,,,,,,,,
perkdesc_graham_immunityaura,你获得随机的免疫效果，当你过于混乱时效果可能会改变。,,,,,,,,,,,,
perkname_graham_materialist,"唯物主义者",,,,,,,,,,,,
perkdesc_graham_materialist,"根据你拥有一次性天赋的数量提升你魔杖的法力恢复速度。",,,,,,,,,,,,
perkname_graham_death,"消亡",,,,,,,,,,,,
perkdesc_graham_death,"你的下一局游戏将以+50最大生命值和一个额外天赋开始，但在本局游戏当你的生命值低于20%时你会立即死亡。",,,,,,,,,,,,
perkname_graham_robot,"科技力量",,,,,,,,,,,,
perkdesc_graham_robot,"你觉得与世界上的机器人有某种亲缘关系。",,,,,,,,,,,,
perkname_graham_luckyday,"幸运日",,,,,,,,,,,,
perkdesc_graham_luckyday,"你有机会规避重大伤害。",,,,,,,,,,,,
perkname_graham_zaptap,"静电",,,,,,,,,,,,
perkdesc_graham_zaptap,"当敌人近距离攻击你时，你们之间会产生一次电击，你获得近战免疫。",,,,,,,,,,,,
perkname_graham_iou,"欠条（一次性）",,,,,,,,,,,,
perkdesc_graham_iou,"你将获得5分钟的随时修改魔杖，时间结束之后会获得随机奖励。",,,,,,,,,,,,
perkname_graham_breadcrumbs,"面包屑",,,,,,,,,,,,
perkdesc_graham_breadcrumbs,"你留下了有用的球体，这些球体可以在你已经去过的地方加速你的移动。",,,,,,,,,,,,
perkname_graham_campfire,"营火",,,,,,,,,,,,
perkdesc_graham_campfire,"此后圣山中的红心只给你所需要的恢复量，你可以一点一点的使用。",,,,,,,,,,,,
perkname_graham_guard,"安全探索",,,,,,,,,,,,
perkdesc_graham_guard,"当第一次进入一个区域时，你会获得短暂的无敌效果。",,,,,,,,,,,,
perkname_graham_tipsy_ghost,"酒鬼幽灵",,,,,,,,,,,,
perkdesc_graham_tipsy_ghost,"一个不专业的幽灵会助你一臂之力，你的瞄准不会在醉酒时受到干扰。",,,,,,,,,,,,
perkname_graham_map,"神秘雷达 I",,,,,,,,,,,,
perkdesc_graham_map,"如果些许驻足，便可以感觉到一些隐藏在世界各地的秘密。",,,,,,,,,,,,
perkname_graham_map2,"神秘雷达 II",,,,,,,,,,,,
perkdesc_graham_map2,"如果些许驻足，便可以感受到更多隐藏在世界各地的秘密。",,,,,,,,,,,,
perkname_graham_proj,"元素适应",,,,,,,,,,,,
perkdesc_graham_proj,"你受到的投射物伤害减少75%，但受到的其他种类伤害加倍。",,,,,,,,,,,,
perkname_graham_edge,"冷血无情",,,,,,,,,,,,
perkdesc_graham_edge,"任何生命值低于10%的敌人都会立即死亡。",,,,,,,,,,,,
perkname_graham_magicskin,"魔法皮肤",,,,,,,,,,,,
perkdesc_graham_magicskin,"在此后的圣山中你能获得额外的天赋，但是你会受到可怕的诅咒......",,,,,,,,,,,,
perkname_graham_bloodorb,"徘徊眼球",,,,,,,,,,,,
perkdesc_graham_bloodorb,"你获得三个可以反射敌人远程伤害的眼球。",,,,,,,,,,,,
EFFECTS,,,,,,,,,,,,,
graham_status_bloodboil,沸腾的血液,,,,,,,,,,,,
graham_statusdesc_bloodboil,你感到无法抑制的愤怒！,,,,,,,,,,,,
graham_status_consumed,同化,,,,,,,,,,,,
graham_statusdesc_consumed,你正在被同化。,,,,,,,,,,,,
graham_status_creepypoly,小蜘蛛变形,,,,,,,,,,,,
graham_statusdesc_creepypoly,你现在是小蜘蛛了。,,,,,,,,,,,,
graham_status_healthymeal,满意,,,,,,,,,,,,
graham_statusdesc_healthymeal,你感觉自己更强了！你受到的伤害减少20%。,,,,,,,,,,,,
graham_status_greedymeal,贪得无厌,,,,,,,,,,,,
graham_statusdesc_greedymeal,你觉得很贪心！拾取金块将获得双倍的黄金。,,,,,,,,,,,,
graham_status_caffeinated,咖啡因,,,,,,,,,,,,
graham_statusdesc_caffeinated,你感到精力充沛！你受到的伤害增加20%。,,,,,,,,,,,,
graham_status_birthday,庆典,,,,,,,,,,,,
graham_statusdesc_birthday,你感到快乐 你受到的伤害减少33%。,,,,,,,,,,,,
graham_status_snub,致盲,,,,,,,,,,,,
graham_statusdesc_snub,你遮挡了自己的视线。,,,,,,,,,,,,
graham_statusdesc_snub2,你遮挡了敌人的视线。,,,,,,,,,,,,
graham_status_tinker,随时随地修改魔杖,,,,,,,,,,,,
graham_statusdesc_tinker,"在一段时间内你可以随时随地编辑魔杖。",,,,,,,,,,,,
graham_status_breadcrumb,"面包屑",,,,,,,,,,,,
graham_statusdesc_breadcrumb,"这个区域感觉很熟悉......你的移动速度得到了提升！",,,,,,,,,,,,
graham_status_minty,"刷新",,,,,,,,,,,,
graham_statusdesc_minty,"你感觉被净化了。当你的健康状况越高时，你受到的伤害会越少。",,,,,,,,,,,,
graham_status_accuracy,"精确瞄准",,,,,,,,,,,,
graham_statusdesc_accuracy,"你感觉更专注。",,,,,,,,,,,,
graham_statusdesc_confusion,"你感到非常混乱。你的头好像在旋转......",,,,,,,,,,,,
graham_status_guardian,"守护者",,,,,,,,,,,,
graham_statusdesc_guardian,"你保护了附近的生物，但你的生命正在流失！",,,,,,,,,,,,
graham_status_immunityaura,"高度专注",,,,,,,,,,,,
graham_statusdesc_immunityaura,"你的头脑非常清晰。\n你的免疫效果被禁用......暂时。",,,,,,,,,,,,
graham_status_teleportsick,"传送疾病",,,,,,,,,,,,
graham_statusdesc_teleportsick,"你的胃在翻滚......你的移动速度变慢了。",,,,,,,,,,,,
PICKUPS,,,,,,,,,,,,,
item_coffee,一杯$0,,,,,,,,,,,,
item_coffee_name,杯,,,,,,,,,,,,
item_vial,$0小瓶,,,,,,,,,,,,
item_vial_name,小瓶,,,,,,,,,,,,
item_balloon,$0气球,,,,,,,,,,,,
item_balloon_name,气球,,,,,,,,,,,,
item_burger,汉堡,,,,,,,,,,,,
item_burger_name,它可以消除任何饥饿。,,,,,,,,,,,,
graham_healthyheart_name,健康的心脏,,,,,,,,,,,,
graham_healthyheart_pickup,拾起一颗健康的心,,,,,,,,,,,,
logdesc_healthyheart,治愈并增加最大生命值$0,,,,,,,,,,,,
graham_cybereye_name,赛博真眼,,,,,,,,,,,,
graham_cybereye_desc,你能听到里面充满恶意并饱含科技感的嗡嗡声。,,,,,,,,,,,,
graham_magmacore_name,岩浆核心,,,,,,,,,,,,
graham_magmacore_desc,它发出令人兴奋的温暖。你觉得它好像有保护你的意愿。,,,,,,,,,,,,
graham_bloodmoon_name,血月,,,,,,,,,,,,
graham_bloodmoon_desc,陨石坑中散发出的不祥红光。,,,,,,,,,,,,
graham_safe_name,黄金穹顶,,,,,,,,,,,,
graham_safe_desc,可以扔出去召唤一个保护性的钢制拱顶,,,,,,,,,,,,
graham_chest_lost,失落的宝箱,,,,,,,,,,,,
graham_chest_mini,迷你宝箱,,,,,,,,,,,,
graham_chest_immunity,空灵宝箱,,,,,,,,,,,,
graham_chest_bloody,血腥宝箱,,,,,,,,,,,,
graham_chest_SMALLER,小宝箱,,,,,,,,,,,,
graham_chest_tinker,修补匠的奖赏,,,,,,,,,,,,
MATERIALS,,,,,,,,,,,,,
material_graham_wormygold,蠕虫黄金,,,,,,,,,,,,
material_graham_statium,元素精华,,,,,,,,,,,,
material_graham_bubblygas,狂暴气体,,,,,,,,,,,,
material_graham_bubbly,冒泡液体,,,,,,,,,,,,
material_graham_creepypoly,恐怖变形气体,,,,,,,,,,,,
material_graham_creepypoly_frozen,冻结的恐怖变形气体,,,,,,,,,,,,
material_graham_graymatter_liquid,同化液体,,,,,,,,,,,,
material_graham_hellblood,地狱之血,,,,,,,,,,,,
material_graham_ascendum,强力漂浮魔药,,,,,,,,,,,,
material_graham_precursor,嬗变元素,,,,,,,,,,,,
material_graham_resist,腐化神佑魔药,,,,,,,,,,,,
material_graham_darkgas,不祥气体,,,,,,,,,,,,
material_graham_sweetgas,魅惑气体,,,,,,,,,,,,
material_graham_cloud_sweet,魅惑雾,,,,,,,,,,,,
material_graham_cloud_angy,狂暴雾,,,,,,,,,,,,
material_graham_stickyfungus,粘菌,,,,,,,,,,,,
material_graham_driedfungus,蘑菇粉尘,,,,,,,,,,,,
material_graham_pureliquid,纯净液体,,,,,,,,,,,,
material_graham_beans,咖啡渣,,,,,,,,,,,,
material_graham_coffee,咖啡,,,,,,,,,,,,
material_graham_meathealthy,令人满意的食物,,,,,,,,,,,,
material_graham_meatgreedy,令人贪婪的食物,,,,,,,,,,,,
material_graham_mundane,平凡的食物,,,,,,,,,,,,
material_graham_yum,好吃的食物,,,,,,,,,,,,
material_graham_lavaglass,熔岩玻璃,,,,,,,,,,,,
material_graham_lava,暗淡的熔岩,,,,,,,,,,,,
material_graham_acid,暗淡的酸液,,,,,,,,,,,,
material_graham_hamburger,汉堡,,,,,,,,,,,,
material_graham_creep,creep,,,,,,,,,,,,
material_graham_ash,灰,,,,,,,,,,,,
material_graham_wood_rot,腐烂木头,,,,,,,,,,,,
material_graham_birthday,生日魔法,,,,,,,,,,,,
material_graham_copium,安慰剂,,,,,,,,,,,,
material_graham_tele_chaotic,混乱传送魔药,,,,,,,,,,,,
material_graham_slush,薄荷汤,,,,,,,,,,,,
material_graham_slush_ice,薄荷粉,,,,,,,,,,,,
material_graham_confusion,奇怪的混合物,,,,,,,,,,,,
material_graham_emptiness,纯粹的虚无,,,,,,,,,,,,
material_graham_love,爱,,,,,,,,,,,,
material_graham_balloon,气球,,,,,,,,,,,,
SPELLS,,,,,,,,,,,,,
graham_name_mist_sweet,魅惑雾,,,,,,,,,,,,
graham_desc_mist_sweet,一团能产生魅惑效果的雾气,,,,,,,,,,,,
graham_name_material_pure,纯净液体,,,,,,,,,,,,
graham_desc_material_pure,凭空产生一滴纯净液体,,,,,,,,,,,,
graham_name_material_radioactive,毒性淤泥,,,,,,,,,,,,
graham_desc_material_radioactive,凭空产生一滴毒性淤泥,,,,,,,,,,,,
graham_name_coffee,召唤咖啡,,,,,,,,,,,,
graham_desc_coffee,为你制作一杯美味的咖啡！,,,,,,,,,,,,
graham_name_rot,化物为腐,,,,,,,,,,,,
graham_desc_rot,令投射物周围的材料腐蚀和老化,,,,,,,,,,,,
graham_name_extinguisher,化火为水,,,,,,,,,,,,
graham_desc_extinguisher,令投射物周围的火转化为水,,,,,,,,,,,,
graham_name_wood,腐烂木块,,,,,,,,,,,,
graham_desc_wood,远距离施放,,,,,,,,,,,,
graham_name_orb_blue,不祥宝珠,,,,,,,,,,,,
graham_desc_orb_blue,释放一个位置固定的蓝色球体，一段时间后会施放另一个法术,,,,,,,,,,,,
graham_name_spark_bolt,"火花弹？",,,,,,,,,,,,
graham_desc_spark_bolt,"弱小但带有迷人闪烁的投射物？",,,,,,,,,,,,
graham_name_touch_ice,冰冻之触,,,,,,,,,,,,
graham_desc_touch_ice,"将小范围内的一切转化为冰，包括墙壁、生物……还有你",,,,,,,,,,,,
graham_name_manaheart,法力之心,,,,,,,,,,,,
graham_desc_manaheart,减少释放延迟并恢复一点法力,,,,,,,,,,,,
graham_name_medic,治疗射击,,,,,,,,,,,,
graham_desc_medic,"增加投射物的治疗属性和投射物伤害，并允许投射物击中自己",,,,,,,,,,,,
graham_name_crit_down,减少暴击,,,,,,,,,,,,
graham_desc_crit_down,"大大降低投射物的暴击几率，但增加其伤害",,,,,,,,,,,,
graham_name_circle_sweet,魅惑气体之环,,,,,,,,,,,,
graham_desc_circle_sweet,魅惑气体组成的扩散之环,,,,,,,,,,,,
graham_name_circle_angy,狂暴气体之环,,,,,,,,,,,,
graham_desc_circle_angy,狂暴气体组成的扩散之环,,,,,,,,,,,,
graham_name_circle_dulled,暗淡之环,,,,,,,,,,,,
graham_desc_circle_dulled,暗淡的酸液或暗淡的熔岩组成的扩散之环，会破坏环境但不会伤害生物,,,,,,,,,,,,
graham_name_umbrella,伞式护盾,,,,,,,,,,,,
graham_desc_umbrella,可靠的上方护盾，保护你免受投射物伤害,,,,,,,,,,,,
graham_name_unbrella,伞式护盾？,,,,,,,,,,,,
graham_desc_unbrella,可靠的上方护盾？保护你免受投射物伤害,,,,,,,,,,,,
graham_name_teleport,传送魔弹,,,,,,,,,,,,
graham_desc_teleport,"一个神奇的魔弹，可以让你向前传送一小段距离，虽然它可能会让你感到恶心......",,,,,,,,,,,,
graham_name_grab_bag,混合伤害提升,,,,,,,,,,,,
graham_desc_grab_bag,向投射物添加少量的多种类型伤害,,,,,,,,,,,,
graham_name_snub,致盲,,,,,,,,,,,,
graham_desc_snub,以眼还眼,,,,,,,,,,,,
graham_name_mini_heatwave,迷你热浪,,,,,,,,,,,,
graham_desc_mini_heatwave,将热浪天赋的弱化版应用到你的魔杖,,,,,,,,,,,,
graham_name_mini_freezefield,迷你冰冻领域,,,,,,,,,,,,
graham_desc_mini_freezefield,将冰冻领域天赋的弱化版应用到你的魔杖,,,,,,,,,,,,
graham_name_mini_dissolvepowders,迷你粉末消融,,,,,,,,,,,,
graham_desc_mini_dissolvepowders,将粉末消融天赋的弱化版应用到你的魔杖,,,,,,,,,,,,
graham_name_mini_attractgold,迷你吸金大法,,,,,,,,,,,,
graham_desc_mini_attractgold,将吸金大法天赋的弱化版应用到你的魔杖,,,,,,,,,,,,
graham_name_mini_electricity,迷你雷电之体,,,,,,,,,,,,
graham_desc_mini_electricity,将雷电之体天赋的弱化版应用到你的魔杖,,,,,,,,,,,,
graham_name_mini_noknockback,迷你不再击退,,,,,,,,,,,,
graham_desc_mini_noknockback,将不再击退天赋的弱化版应用到你的魔杖,,,,,,,,,,,,
graham_name_mini_midasmeat,迷你点尸成金,,,,,,,,,,,,
graham_desc_mini_midasmeat,将点尸成金天赋的弱化版应用到你的魔杖,,,,,,,,,,,,
graham_name_toggler,切换器,,,,,,,,,,,,
graham_desc_toggler,切换条件法术的红色和蓝色状态,,,,,,,,,,,,
graham_name_toggler2,切换器,,,,,,,,,,,,
graham_desc_toggler2,切换条件法术的绿色和黄色状态,,,,,,,,,,,,
graham_name_toggleroff,禁用切换器,,,,,,,,,,,,
graham_desc_toggleroff,禁用所有切换条件法术，直到施放另一个切换器,,,,,,,,,,,,
graham_name_toggle_blue,条件 - 切换（蓝色）,,,,,,,,,,,,
graham_desc_toggle_blue,如果切换器的值未设置为蓝色，则跳过下一个法术,,,,,,,,,,,,
graham_name_toggle_red,条件 - 切换（红色）,,,,,,,,,,,,
graham_desc_toggle_red,如果切换器的值未设置为红色，则跳过下一个法术,,,,,,,,,,,,
graham_name_toggle_green,条件 - 切换（绿色）,,,,,,,,,,,,
graham_desc_toggle_green,如果切换器的值未设置为绿色，则跳过下一个法术,,,,,,,,,,,,
graham_name_toggle_yellow,条件 - 切换（黄色）,,,,,,,,,,,,
graham_desc_toggle_yellow,如果切换器的值未设置为黄色，则跳过下一个法术,,,,,,,,,,,,
graham_name_bubbles,元素泡泡火花,,,,,,,,,,,,
graham_desc_bubbles,不够准确的投射物，能够造成火焰、雷电和绿毒伤害,,,,,,,,,,,,
graham_name_ominousorbit,不祥球体环绕,,,,,,,,,,,,
graham_desc_ominousorbit,令四个不祥之球围绕一个投射物旋转,,,,,,,,,,,,
graham_name_vein,血管,,,,,,,,,,,,
graham_desc_vein,你的魔杖不断流出鲜血,,,,,,,,,,,,
graham_name_curse_shot,诅咒魔弹,,,,,,,,,,,,
graham_desc_curse_shot,一个奇怪的魔弹，不喜欢墙壁和干净的东西,,,,,,,,,,,,
graham_name_gold_ball,金球,,,,,,,,,,,,
graham_desc_gold_ball,一个由纯金制成的致密球体,,,,,,,,,,,,
graham_name_breadcrumb,召唤面包屑,,,,,,,,,,,,
graham_desc_breadcrumb,创造一个无害的球体，在短时间内提升你的移动速度,,,,,,,,,,,,
graham_name_quiver,集束箭头,,,,,,,,,,,,
graham_desc_quiver,一大团箭头,,,,,,,,,,,,
graham_name_connectiontrail,连锁轨迹,,,,,,,,,,,,
graham_desc_connectiontrail,破坏性的光束会在你和投射物之间延伸,,,,,,,,,,,,
graham_name_blacklight_arrow,黑光箭,,,,,,,,,,,,
graham_desc_blacklight_arrow,一支空灵的魔法箭，可以穿过墙壁,,,,,,,,,,,,
graham_name_blacklight_arrow_trigger,触发黑光箭,,,,,,,,,,,,
graham_desc_blacklight_arrow_trigger,一支空灵的魔法箭，可以穿过墙壁，在和敌人碰撞时施放另一个法术,,,,,,,,,,,,
graham_name_blacklight_arrow_timer,定时黑光箭,,,,,,,,,,,,
graham_desc_blacklight_arrow_timer,一支空灵的魔法箭，可以穿过墙壁，在定时结束后施放另一个法术,,,,,,,,,,,,
graham_name_stasis,停滞射击,,,,,,,,,,,,
graham_desc_stasis,"投射物没有初始速度，不受重力影响",,,,,,,,,,,,
graham_name_rainbow,迷惑球体,,,,,,,,,,,,
graham_desc_rainbow,一个充满神秘液体的彩色弹跳球体,,,,,,,,,,,,
graham_name_redhands,血腥之手,,,,,,,,,,,,
graham_desc_redhands,沉默中爆发的投射物,,,,,,,,,,,,
graham_name_handportal,到达虚空,,,,,,,,,,,,
graham_desc_handportal,来自邪恶之地的单向传送门,,,,,,,,,,,,
graham_name_guardianshot,守护天使,,,,,,,,,,,,
graham_desc_guardianshot,使一个敌人消耗其生命值以保护附近的生物,,,,,,,,,,,,
graham_name_glowdart,荧光镖,,,,,,,,,,,,
graham_desc_glowdart,"一个闪闪发光、不受重力影响且有弹性的投射物",,,,,,,,,,,,
graham_name_infernalglare,地狱之光,,,,,,,,,,,,
graham_desc_infernalglare,一种痛苦的令血液沸腾的喷雾,,,,,,,,,,,,
graham_name_barrel,炸药桶发射器,,,,,,,,,,,,
graham_desc_barrel,向你的敌人扔一个易爆的炸药桶！,,,,,,,,,,,,
graham_name_sacrifice,血液雕刻,,,,,,,,,,,,
graham_desc_sacrifice,以丧失20%最大生命值的代价生成一个元素石（必须有200最大生命值或更多）,,,,,,,,,,,,
graham_name_powder_evaporation,粉末蒸发,,,,,,,,,,,,
graham_desc_powder_evaporation,令投射物周围的的任何粉末转化成不祥气体,,,,,,,,,,,,
graham_name_holyshot,神圣子弹,,,,,,,,,,,,
graham_desc_holyshot,"对命中的实体施加虚弱效果的神圣子弹。小心，可能适得其反！",,,,,,,,,,,,
WANDS,,,,,,,,,,,,,
graham_wand_glue,"胶棒",,,,,,,,,,,,
graham_wand_coffee,"咖啡机",,,,,,,,,,,,
graham_wand_worm,"迷你蠕虫",,,,,,,,,,,,
graham_wand_rot,"亡灵魔杖",,,,,,,,,,,,
graham_wand_heart,"糖果之心",,,,,,,,,,,,
graham_wand_experimental,"实验性魔杖",,,,,,,,,,,,
BOOKS,,,,,,,,,,,,,
graham_unlockbook_name,"失落的技术",,,,,,,,,,,,
graham_unlockbook_desc,"技术的保存是一门重要的艺术，但似乎很少有人实践。\n我们凡人很容易犯错，随着时间的推移，记忆往往会被遗忘。\n因此，我将尽自己的一份力量保护新兴和古老的技术。但是从哪里开始呢...？\n啊。我们的神，以及祂给我们的礼物......\n有些已经随着时间的流逝而消失了。\n为什么、怎样消失或着何时消失，这一切都隐匿于过去。\n也许可以通过某种方式重新发现这些天赋，以及它们相关的魔法。\n以成就的形式向众神致敬......我确信这会奏效。\n亲爱的读者，再陪我一会儿。这些礼物可能还尚未发掘。\n- 学者罗宾                                                                                       ",,,,,,,,,,,,
graham_cookbook_name,"古代炼金术",,,,,,,,,,,,
graham_cookbook_desc,"所有的学者都有他们选择放弃的事物。仅仅因为缺乏兴趣，\n许多材料就消失在时间长河之中。\n那奇怪的橙色液体，气味令人陶醉......它从何而来？\n由痛苦、困惑和有毒废物制成，它似乎充满了潜力。\n它可以将钻石变成黄金，或将雪变成纯净的东西。\n似乎连威士忌和呕吐物都对这种非凡的液体有反应。\n即使是众神的建筑和我们的枪支子弹也比不上它。\n但就像所有似乎有潜力的东西一样......\n火同样会毁灭它。\n我想我们所有人都有弱点。\n- 学者罗宾                                                              ",,,,,,,,,,,,
graham_polybook_name,"危险反应物",,,,,,,,,,,,
graham_polybook_desc,"某些魔法液体可以控制一个人的身体，让他们做出原本不会做的可怕事情。\n由于狂暴魔药的恶意魔法，许多人被他们信任的人杀死。\n蠕虫之血通常被有意的摄入以帮助提高视觉能力。\n它与沙子结合时可以做出令人愉悦的美味。\n狂暴魔药也可以与尸体结合，制成来自地狱的饮料。\n当然，真菌会产生奇怪的效果，尤其是与变形魔药结合时......\n- 学者罗宾                                                                                    ",,,,,,,,,,,,
graham_reforgebook_name,"发现的暗示",,,,,,,,,,,,
graham_reforgebook_desc,"我找到了！众神回应了我的祈祷，祂们告诉了我我必须做什么......\n然而我自己却无力实现，祂们的暗示对我来说是无法理解的。咳咳......\n“发现自己能对使人感到无助的巫师免疫。”\n“接受3件来自众神的礼物，这些礼物不会提供永久强化。”\n“在死亡的边缘击败敌人。”\n“冒险进入这片土地上最不祥的洞穴，并在其中寻求真知。”\n“找到并使用一根丢失的实验性魔杖。”\n最后......“前往失落的水立方体的中心。”\n我不知道这些提示是什么意思。但是，也许......\n在遥远的未来会有人发现我的笔记，并自己释放这些力量。\n- 学者罗宾",,,,,,,,,,,,
graham_lonelybook_name,"贪得无厌",,,,,,,,,,,,
graham_lonelybook_desc,"瞧！ 咒语施展，历史被改写。\n这些该死的长着几千颗牙齿的蜘蛛......他们的饥饿是无法满足的，除非......？\n为了我自己能够存活，我使用很久以前学会的咒语安抚了他们。\n然而，这样的力量无法被创造或摧毁......\n只能移动，然后再次发展起来。\n我在这本书中封印了他们的力量。这种力量可能是毁灭性的，也可能是神圣的。\n我把命运留给众神，或者留给你，好奇的读者......？\n也许众神会喜欢这种力量作为礼物......？\n- 学者罗宾                                                                                                   ",,,,,,,,,,,,
graham_chestbook_name,"新奇的事",,,,,,,,,,,,
graham_chestbook_desc,"我一直在我的宝箱里储存物品......黄金、药水、食物......\n我转过身听到身后传来令人讨厌的咀嚼声......\n我发誓我看到了......牙齿。\n而且，当我再次打开箱子时......所有的食物都不见了。\n我的储藏室里有生命吗？又或者是箱子本身...？\n- 学者罗宾                                                              ",,,,,,,,,,,,
graham_cozybook_name,"舒适",,,,,,,,,,,,
graham_cozybook_desc,"哦，多么舒适的小空间！这种液体摸起来冰冰凉凉令人愉悦，几乎像薄荷一样。\n我尝了一点......很好。味道不错。\n我有点想在这里安顿下来......\n但是，不行！我的探索必须继续。\n我会把一些这种液体装瓶以备后用，剩下的留给别人。\n......还有其他人能活着找到它吗？\n- 学者罗宾                                                                                             ",,,,,,,,,,,,
graham_timebook_name,"熵",,,,,,,,,,,,
graham_timebook_desc,"我快没时间了。众神不再倾听我的祈祷。这是为什么？\n我祈求祂们提供更多......更多知识，更多健康，更多寿命。\n我的身体吱吱作响，好疼......我太老了无法承受这种痛苦。\n我不明白。祂们放弃我了吗？\n也许我变得太贪心了。我只是个人类。\n我会为你忏悔，我的上帝......\n我只是需要更多的寿命。\n- 学者罗宾                                                                 ",,,,,,,,,,,,
graham_anvilbook_name,"变种",,,,,,,,,,,,
graham_anvilbook_desc,"小月亮\n恶毒的眼睛\n多才多艺的元素石\n铁砧呼唤着它们。",,,,,,,,,,,,
MISC,,,,,,,,,,,,,
animal_mini_mimic,小小模仿者,,,,,,,,,,,,
animal_bloody_mimic,血腥模仿者,,,,,,,,,,,,
graham_lucky,太幸运了！,,,,,,,,,,,,
graham_immunityaura_change,你的脑子混乱了！,,,,,,,,,,,,
graham_immunityaura_red,你感觉对火的抗性更高了......,,,,,,,,,,,,
graham_immunityaura_orange,你感觉对爆炸的抗性更高了......,,,,,,,,,,,,
graham_immunityaura_yellow,你感觉对雷电的抗性更高了......,,,,,,,,,,,,
graham_immunityaura_green,你感觉对毒液的抗性更高了......,,,,,,,,,,,,
graham_immunityaura_cyan,你感觉对冰冻的抗性更高了......,,,,,,,,,,,,
graham_immunityaura_blue,你感觉对窒息的抗性更高了......,,,,,,,,,,,,
graham_immunityaura_purple,你感觉对近战的抗性更高了......,,,,,,,,,,,,
graham_immunityaura_none1,"你的头痛减轻了，但是......",,,,,,,,,,,,
graham_immunityaura_none2,什么也没有变。你觉得魔法好像已经消失了。,,,,,,,,,,,,
graham_item_fireplace,营火,,,,,,,,,,,,
graham_materialist,您的法力充能速度提高了！,,,,,,,,,,,,
graham_perk_unlock,*--你解锁了一项新天赋！--*,,,,,,,,,,,,
graham_perk_unlock_sheep,亵渎神明的变形艺术在呼唤你......,,,,,,,,,,,,
graham_perk_unlock_hunger,作为饥饿的主人，你让自己喜欢上了饥饿......,,,,,,,,,,,,
graham_perk_unlock_robot,你突然意识到你财富的新用途......,,,,,,,,,,,,
graham_perk_unlock_lucky,你感觉更依赖运气了......,,,,,,,,,,,,
graham_perk_unlock_tech,充满恶意的技术在你手中感觉更自然了......,,,,,,,,,,,,
graham_perk_unlock_immunity,你感觉更愿意适应你的环境......,,,,,,,,,,,,
graham_perk_unlock_blood,你感觉你的贪婪瞬间超越了你......,,,,,,,,,,,,
graham_hungered,你的好奇心得到了回报......！？,,,,,,,,,,,,
graham_hungered2,饥饿假装微笑。很高兴你又召唤了它。,,,,,,,,,,,,
graham_hungered3,你的身体炸裂了！,,,,,,,,,,,,
graham_hungered4,"你已经将这个世界拱手相让于饥饿，并让它前往下一个......",,,,,,,,,,,,
graham_bloodied_01,你热血沸腾......！,,,,,,,,,,,,
graham_bloodied_02,你变得冷酷无情......！,,,,,,,,,,,,
graham_bloodied_03,你心跳得更快了......！,,,,,,,,,,,,
graham_bloodied_04,你看事情更清楚了......！,,,,,,,,,,,,
graham_bloodied_05,你的耳朵嗡嗡作响......！,,,,,,,,,,,,
graham_bloodied_06,你的身体刺痛......！,,,,,,,,,,,,
graham_bloodied_07,诸神眷顾你的嗜血......！,,,,,,,,,,,,
graham_bloodied_08,屠杀的感觉很令人满意......！,,,,,,,,,,,,
graham_bloodied_09,你感觉血脉偾张......!,,,,,,,,,,,,
graham_bloodied_desc,你的牺牲已被接受。,,,,,,,,,,,,
graham_log_guard_1,"你暂时无敌了！",,,,,,,,,,,,
graham_log_guard_2,"你暂时无敌了！",,,,,,,,,,,,
graham_log_guard_3,"你暂时无敌了！",,,,,,,,,,,,
graham_log_guard_4,"你暂时无敌了！",,,,,,,,,,,,
graham_log_guard_5,"你暂时无敌了！",,,,,,,,,,,,
graham_log_guard_6,"你暂时无敌了！",,,,,,,,,,,,
graham_log_guard_7,"你暂时无敌了！",,,,,,,,,,,,
graham_log_guard_8,"你暂时无敌了！",,,,,,,,,,,,
graham_log_guard_9,"你暂时无敌了！",,,,,,,,,,,,
graham_log_guard_10,"你暂时无敌了！这太疯狂了！",,,,,,,,,,,,
graham_log_guard_11,"你暂时无敌了！",,,,,,,,,,,,
graham_log_guard_12,"你暂时无敌了！好耶！",,,,,,,,,,,,
graham_log_guard_13,"你暂时无敌了！",,,,,,,,,,,,
graham_log_guard_14,"你暂时无敌了！呵啊！",,,,,,,,,,,,
graham_log_guard_15,"你暂时无敌了！",,,,,,,,,,,,
graham_log_guard_16,"你暂时无敌了！杀 杀 杀！",,,,,,,,,,,,
graham_log_guard_17,"你知道该做什么 - 去找他们！",,,,,,,,,,,,
graham_log_guard_18,"好好利用你的无敌！摆脱你的烦恼！",,,,,,,,,,,,
graham_log_guard_19,"你是无敌的！跳入酸液或熔岩中！不过要小心变形魔药。",,,,,,,,,,,,
graham_log_guard_20,"这是一些无敌帧。 希望它们能让你活着！",,,,,,,,,,,,
graham_log_guard_21,"无敌！这是给你的，我的朋友！",,,,,,,,,,,,
graham_log_guard_22,"嘿，你正在探索许多地方！做的不错。给你一些无敌效果。",,,,,,,,,,,,
graham_log_guard_23,"你暂时无敌了！",,,,,,,,,,,,
graham_log_guard_24,"你暂时刀枪不入了！",,,,,,,,,,,,
graham_log_guard_25,"你暂时战无不胜了！",,,,,,,,,,,,
graham_log_guard_26,"你暂时不可阻挡了......？",,,,,,,,,,,,
graham_log_guard_27,"我已经要用完无敌的近义词了。",,,,,,,,,,,,
graham_log_guard_28,"你暂时无敌了！......现在的你还需要它吗？",,,,,,,,,,,,
graham_log_guard_29,"你暂时无敌了！我要开始重复我的台词了。",,,,,,,,,,,,
graham_log_guard_30,"你暂时无敌了！",,,,,,,,,,,,
DUMMY_LINE,,,,,,,,,,,,,
NEW TRANSLATIONS SINCE 1.5,,,,,,,,,,,,,
PERKS,,,,,,,,,,,,,
perkname_graham_robot,"科技力量",,,,,,,,,,,,
perkdesc_graham_robot,"当你捡起心时会召唤一些临时机器人与你并肩作战！",,,,,,,,,,,,
perkname_graham_magicskin,"魔法皮肤",,,,,,,,,,,,
perkdesc_graham_magicskin,"在此后的圣山中你能获得额外的天赋，但是你会受到可怕的诅咒......",,,,,,,,,,,,
perkname_graham_death,"消亡",,,,,,,,,,,,
perkdesc_graham_death,"当生命值低于10%时你会立即死亡，但你会以+50最大生命值和额外的天赋开始下一局游戏。",,,,,,,,,,,,
perkname_graham_blindspot,盲点,,,,,,,,,,,,
perkdesc_graham_blindspot,"你可以清楚地看清你周围的一大片区域，并且不会失明。",,,,,,,,,,,,
perkname_graham_refresher,花式刷新,,,,,,,,,,,,
perkdesc_graham_refresher,法术刷新器有机率产生几个随机法术，而不是刷新你的法术次数。,,,,,,,,,,,,
perkname_graham_alliance,不稳定的联盟,,,,,,,,,,,,
perkdesc_graham_alliance,如果你的生命值低于20%，你的投射物会暂时迷惑敌人。,,,,,,,,,,,,
perkname_graham_lukkimount,路奇坐骑,,,,,,,,,,,,
perkdesc_graham_lukkimount,召唤一只友好的可骑乘蜘蛛来帮助你。,,,,,,,,,,,,
perkname_graham_wandkick,踢取法术,,,,,,,,,,,,
perkdesc_graham_wandkick,在魔杖附近踢击会立即取出魔杖中的所有的法术。,,,,,,,,,,,,
perkname_graham_repossession,回收,,,,,,,,,,,,
perkdesc_graham_repossession,"当敌人死亡时它们现有的投射物会变成友方的投射物。",,,,,,,,,,,,
perkname_graham_fortuneteller,占卜师,,,,,,,,,,,,
perkdesc_graham_fortuneteller,"当站立不动时，你可以支付黄金来召唤一个可投掷的水晶球。",,,,,,,,,,,,
perkname_graham_straw,吸管,,,,,,,,,,,,
perkdesc_graham_straw,"当拿着瓶子时添加一个吸管让你可以在更远的距离收集材料！",,,,,,,,,,,,
perkname_graham_betrayal,背刺,,,,,,,,,,,,
perkdesc_graham_betrayal,"由其他敌人造成的另一个敌人死亡视作技巧击杀并获得双倍金币。",,,,,,,,,,,,
perkname_graham_extraslots,魔杖容量+,,,,,,,,,,,,
perkdesc_graham_extraslots,"所有魔杖的容量都会随机增加或减少最多4个，忽略魔杖容量上限。",,,,,,,,,,,,
perkname_graham_buyback,回购（一次性）,,,,,,,,,,,,
perkdesc_graham_buyback,"你的法术仓库中的所有法术都会被复制，但你必须再次购买所有法术！",,,,,,,,,,,,
perkname_graham_sheepification,"羊化",,,,,,,,,,,,
perkdesc_graham_sheepification,"发射投射物时可能会同时发射一枚变形魔弹。",,,,,,,,,,,,
SPELLS,,,,,,,,,,,,,
graham_name_manaheartbreak,破碎的法力之心,,,,,,,,,,,,
graham_desc_manaheartbreak,"立即为魔杖增加240点法力，但暂时减少60最大法力值",,,,,,,,,,,,
graham_name_muddle_bud,混乱之芽,,,,,,,,,,,,
graham_desc_muddle_bud,一种奇怪的花，会让敌人混淆朋友和敌人,,,,,,,,,,,,
graham_name_false_swipe,点到为止,,,,,,,,,,,,
graham_desc_false_swipe,造成大量伤害但无法杀死敌人的投射物,,,,,,,,,,,,
graham_name_rollout,翻滚,,,,,,,,,,,,
graham_desc_rollout,召唤一个强大的石球，可以将你装入其中,,,,,,,,,,,,
graham_name_circle_translocation,易位之环,,,,,,,,,,,,
graham_desc_circle_translocation,相位魔法领域,,,,,,,,,,,,
graham_name_willowisp,鬼火,,,,,,,,,,,,
graham_desc_willowisp,一种无伤害的带有追踪效果的投射物，会造成点燃效果,,,,,,,,,,,,
graham_name_foamarmor,泡沫盔甲,,,,,,,,,,,,
graham_desc_foamarmor,为你提供临时的泡沫盔甲，阻止点燃和绿毒对你造成伤害,,,,,,,,,,,,
graham_name_dissolution,瓦解,,,,,,,,,,,,
graham_desc_dissolution,投射物会使敌人在一段时间内被削弱并减少造成的伤害,,,,,,,,,,,,
graham_name_bramball,荆棘球,,,,,,,,,,,,
graham_desc_bramball,一种带刺的投射物，可将击中的敌人固定在原地,,,,,,,,,,,,
graham_name_bramball_trigger,触发荆棘球,,,,,,,,,,,,
graham_desc_bramball_trigger,"在碰撞时释放另一法术的带刺投射物，可将击中的敌人固定在原地",,,,,,,,,,,,
graham_name_golden,金色闪光,,,,,,,,,,,,
graham_desc_golden,将投射物产生的粒子效果替换为金色,,,,,,,,,,,,
graham_name_toggler_alt,右键切换器,,,,,,,,,,,,
graham_desc_toggler_alt,"当你点击右键时，切换条件法术的红色和蓝色状态",,,,,,,,,,,,
graham_name_toggler2_alt,右键切换器,,,,,,,,,,,,
graham_desc_toggler2_alt,"当你点击右键时，切换条件法术的绿色和黄色状态",,,,,,,,,,,,
graham_name_toggler3_alt,右键禁用切换器,,,,,,,,,,,,
graham_desc_toggler3_alt,"当你点击右键时，禁用所有切换条件法术，直到施放另一个切换器",,,,,,,,,,,,
graham_name_echo_bubble,回声气泡,,,,,,,,,,,,
graham_desc_echo_bubble,"一个闪亮的气泡，与施法者的位置相呼应",,,,,,,,,,,,
graham_name_passives,活性被动,,,,,,,,,,,,
graham_desc_passives,"魔杖上每有一个被动法术，该魔杖的法力恢复速度就会加快10%",,,,,,,,,,,,
graham_name_diversify,多样化,,,,,,,,,,,,
graham_desc_diversify,"如果你的魔杖上有4种或更多不同类型的法术，魔杖充能时间减少0.50",,,,,,,,,,,,
graham_name_divebomb,俯冲轰炸,,,,,,,,,,,,
graham_desc_divebomb,如果投射物下方有敌人它会迅速下落,,,,,,,,,,,,
graham_name_mixup,混合,,,,,,,,,,,,
graham_desc_mixup,"如果魔杖的投射物数量多于修正，则减少充能时间；否则，增加暴击几率",,,,,,,,,,,,
graham_name_sliceshield,分段式护盾,,,,,,,,,,,,
graham_desc_sliceshield,由八个不同部分组成的能量护盾,,,,,,,,,,,,
graham_name_intensify,增强,,,,,,,,,,,,
graham_desc_intensify,投射物的轨迹和其他效果产生的材料变为两倍,,,,,,,,,,,,
graham_name_invisible,隐形火花弹,,,,,,,,,,,,
graham_desc_invisible,完全隐形的投射物,,,,,,,,,,,,
graham_name_vibrantbulb,闪亮灯泡,,,,,,,,,,,,
graham_desc_vibrantbulb,"如果这根魔杖的法力值达到最大，则提高你的移动速度",,,,,,,,,,,,
graham_name_dimbulb,暗淡灯泡,,,,,,,,,,,,
graham_desc_dimbulb,"如果这根魔杖的法力值未达到最大，则提高你的移动速度",,,,,,,,,,,,
graham_name_orb_blue,不祥宝珠,,,,,,,,,,,,
graham_desc_orb_blue,释放一个位置固定且会随时间增长的蓝色球体,,,,,,,,,,,,
graham_name_orb_blue_timer,定时不祥宝珠,,,,,,,,,,,,
graham_desc_orb_blue_timer,在定时结束后释放另一法术的位置固定且会随时间增长的蓝色球体,,,,,,,,,,,,
graham_name_toxic_potion,有毒烧瓶,,,,,,,,,,,,
graham_desc_toxic_potion,投掷一个随附加的伤害大小而改变气体云扩散范围的烧瓶,,,,,,,,,,,,
graham_name_panicbomb,惊恐炸弹,,,,,,,,,,,,
graham_desc_panicbomb,"一个巨大的炸弹，但只有当你离开其爆炸半径时才会引爆",,,,,,,,,,,,
graham_name_toxic_crit,毒液暴击,,,,,,,,,,,,
graham_desc_toxic_crit,令投射物击中沾有绿色毒液的敌人时暴击率+100%,,,,,,,,,,,,
graham_name_cloud_hail,冰雹云,,,,,,,,,,,,
graham_desc_cloud_hail,创建一片寒冷的云并降下冰雹,,,,,,,,,,,,
graham_name_shockdart,电击飞镖,,,,,,,,,,,,
graham_desc_shockdart,线性瞄准敌人的雷电飞镖,,,,,,,,,,,,
graham_name_shielddrone,召唤护盾无人机,,,,,,,,,,,,
graham_desc_shielddrone,召唤一个会跟随你并阻挡投射物的笨拙无人机,,,,,,,,,,,,
graham_name_attackdrone,召唤攻击无人机,,,,,,,,,,,,
graham_desc_attackdrone,召唤一个会跟随你并攻击敌人的笨拙无人机,,,,,,,,,,,,
graham_name_supportdrone,召唤支援无人机,,,,,,,,,,,,
graham_desc_supportdrone,召唤一个会跟随你并帮助盟友的笨拙无人机,,,,,,,,,,,,
STATUE,,,,,,,,,,,,,
graham_prayerstatue_intro0,"（互动继续）",,,,,,,,,,,,
graham_prayerstatue_intro1,"你好，旅行者...",,,,,,,,,,,,
graham_prayerstatue_intro2,"我是一个比较弱小的神。一个早已被遗忘的神。",,,,,,,,,,,,
graham_prayerstatue_intro3,"我对这个世界的影响力正在减弱。",,,,,,,,,,,,
graham_prayerstatue_intro4,"请...表现出你对我的信任。",,,,,,,,,,,,
graham_prayerstatue_intro5,"如果你给我带来一份礼物......我就能重新获得一些与这个世界的联系。",,,,,,,,,,,,
graham_prayerstatue_intro6,"你将会得到丰厚的回报。",,,,,,,,,,,,
graham_prayerstatue_intro7,"让我们开始？",,,,,,,,,,,,
graham_offering_wand,"给我一根魔杖。",,,,,,,,,,,,
graham_offering_potion_blood,"给我一瓶血。",,,,,,,,,,,,
graham_offering_potion_graham_mundanium,"给我一瓶平凡的食物。",,,,,,,,,,,,
ITEMS,,,,,,,,,,,,,
graham_lukkiegg,晃动的蛋,,,,,,,,,,,,
graham_lukkiegg_desc,拿着这个奇怪的绿色蛋会让你起鸡皮疙瘩。,,,,,,,,,,,,
graham_unstainer_name,Saippuakivi,,,,,,,,,,,,doesn't need to be translated
graham_unstainer_desc,这块光滑的石头让你感觉在它的影响下变得更干净。,,,,,,,,,,,,
graham_eggbook_name,徒劳无功,,,,,,,,,,,,
graham_eggbook_desc,"这只小蜘蛛已经被困在这个蛋里有一段时间了......我担心它可能太弱而无法孵化。        \n我想尝试用手、石头和其他东西来敲碎它......\n但我担心如果我这样做的话，里面的小家伙会受到伤害。\n我向诸神求助，但是......祂们最近似乎不青睐我。\n亲爱的读者......如果你找到这本书，你可以向我们的神明求助吗？\n即使它只是一只小蜘蛛......看到它被困成这样也很痛苦。你也有同样的感觉吗？\n- 学者罗宾",,,,,,,,,,,,
graham_crystal_ball_name,水晶球,,,,,,,,,,,,
graham_crystal_ball_desc,它散发着空灵的光芒。将它扔向敌人可造成大量伤害！,,,,,,,,,,,,
graham_lovelydie_name,可爱骰子,,,,,,,,,,,,
graham_lovelydie_desc,棉花糖的味道温暖你的心。,,,,,,,,,,,,
graham_lovely_die_good,一个新朋友！,,,,,,,,,,,,
graham_lovely_die_bad,哦不！,,,,,,,,,,,,
graham_lovely_die_poof,再见！,,,,,,,,,,,,
graham_basedrone,无人机,,,,,,,,,,,,
graham_drone_desc,"它发出微弱的嗡嗡声，准备再次起飞。",,,,,,,,,,,,
graham_shielddrone,护盾无人机,,,,,,,,,,,,
graham_attackdrone,攻击无人机,,,,,,,,,,,,
graham_supportdrone,支援无人机,,,,,,,,,,,,
graham_runestone_phase,相位符石,,,,,,,,,,,,
WISDOM,,,,,,,,,,,,,
graham_wisdom_start,来自彼岸的智慧：\n'$0',,,,,,,,,,,,
graham_wisdom_1,"你想拥有靠运气获得的天赋吗？                  \n幸运四叶草也许可以帮助你解决这个问题......",,,,,,,,,,,,
graham_wisdom_2,"恐怖变形气体可以使用绿色毒液进行冷冻。          \n要小心不要解冻它！",,,,,,,,,,,,
graham_wisdom_3,"鬼是怎么喝醉的？\n别想太多。",,,,,,,,,,,,
graham_wisdom_4,"一些包含三个内容的主题。\n正常、混乱、不稳定。\n普通、大型、巨型\n自然、科技、魔法......\n你能找到更多吗？",,,,,,,,,,,,
graham_wisdom_5,"不要太相信迷你和血腥宝箱。      \n咀嚼！",,,,,,,,,,,,
graham_wisdom_6,"罗宾是个傻瓜。",,,,,,,,,,,,
graham_wisdom_7,"试试单击某个物品并将其拖出仓库。\n如果你用它击中敌人，这会成为技巧击杀。",,,,,,,,,,,,
graham_wisdom_8,"丙烷罐造成的伤害比核弹还大。\n也许爆尸天赋还是值得拿一下的。",,,,,,,,,,,,
graham_wisdom_9,"看看你做了什么。\n你打碎了法力之心。\n我希望你感到高兴。",,,,,,,,,,,,
graham_wisdom_10,"如果你在完美的时间踢击，\n你就可以反弹近战伤害。\n你以前可能无意中这样做过。",,,,,,,,,,,,
graham_wisdom_11,"生命博彩不会受到幸运四叶草的影响......          \n但它可能会受到贪婪诅咒的影响。",,,,,,,,,,,,
graham_wisdom_12,"你可以使用踢取法术天赋来窃取圣山魔杖中的法术。            \n不过，神明可能不会欣赏这样的做法......",,,,,,,,,,,,
graham_wisdom_13,"并非所有都是暗示。\n至少，这条不是。",,,,,,,,,,,,
graham_wisdom_14,"尝试将热浪和冰冻领域天赋组合起来。          \n你可以假装自己在滑冰。",,,,,,,,,,,,
graham_wisdom_15,"可解锁的天赋用蓝色边框标记。      \n总共有9个。\n你解锁了多少个？",,,,,,,,,,,,
graham_wisdom_16,"四千年前\n蛇看到了这一切。",,,,,,,,,,,,
graham_wisdom_17,"在地狱的最深处......\n在天空的最高处......\n你可以找到猫咪。",,,,,,,,,,,,
graham_wisdom_18,"如果距离足够近，静电天赋可以阻挡任何类型的伤害，            \n而不仅仅是近战伤害。\n不过，你会因为副作用而受到一些电击伤害！",,,,,,,,,,,,
graham_wisdom_19,"混沌转化有一些神奇的特性......\n尝试将其应用于电浆或大型锯片。      \n或者在翻滚法术上使用它。",,,,,,,,,,,,
graham_wisdom_20,"天空中有蛋\n血液中有蛋\n熔岩中有蛋。",,,,,,,,,,,,
graham_wisdom_21,"拥有18层占卜师天赋时，召唤水晶球仅需1黄金！    \n堆叠数达到3340层时，它变得完全免费！\n不要去尝试它。",,,,,,,,,,,,
graham_wisdom_22,"水晶球造成的爆炸伤害相当于你最大生命值的25%！        ",,,,,,,,,,,,
graham_wisdom_23,"大多数“XX之环”法术的存在时间无法增加。\n也不要试图增加任何“XX之触”法术的存在时间。    ",,,,,,,,,,,,
graham_wisdom_24,"喂养饥饿！\n喂养饥饿！\n喂养饥饿！\n去喂养饥饿！\n你为什么还不去喂养饥饿！",,,,,,,,,,,,
graham_wisdom_25,"如果你还没有了解过，你应该尝试学习一些字符！        \n例如，类似小正方形或菱形的字符代表的是E。\n尝试看看是否可以在世界中发现它。",,,,,,,,,,,,
graham_wisdom_26,"咖啡与神秘真菌非常搭配。\n如果你想尽情享受，请尝试蠕虫血+沙子或沙子+真菌血液+毒性淤泥！",,,,,,,,,,,,
graham_wisdom_27,"修正法术不能应用于发射出的电浆束。\n但是，你可以将它们应用到电浆束的发射点上。\n是的，电浆法术其实是由两部分组成，电浆束和发射电浆的投射物。",,,,,,,,,,,,
graham_wisdom_28,"想吃更美味的饭菜吗？\n将全熟的肉与钻石或蜂蜜混合以获得独特的材料！          \n或者干脆抢劫一个投掷药水的席西炼金术士。",,,,,,,,,,,,
graham_wisdom_29,"它散发着空灵的光芒。            \n将其扔向敌人可以造成大量伤害！",,,,,,,,,,,,
graham_wisdom_30,"11月11日是一个非常特别的日子......\n那天，两种独特的材料会出现在药水中！\n在任何一局游戏中，嬗变元素都有罕见的机会出现在普通药水中！!",,,,,,,,,,,,
graham_wisdom_31,"腐化神佑魔药的质地非常令人不快，\n摸起来感觉很糟糕。不过，它的味道却非常令人满意......",,,,,,,,,,,,
graham_wisdom_32,"平凡的食物有多种用途。虽然味道像燕麦片......          \n它可以将毒性淤泥和沼泽转化为更多的物质。\n或者，它可以与混乱魔药混合制造出迅捷魔药。",,,,,,,,,,,,
graham_wisdom_33,"近战免疫将有助于对抗饥饿的同化......        \n但这还不够。",,,,,,,,,,,,
graham_wisdom_34,"在极其罕见的概率下欠条天赋可以给你另一个欠条！\n或者欠条可以给你赌博天赋，赌博可以给你欠条，欠条可以......",,,,,,,,,,,,
graham_wisdom_35,"通过收集某些额外天赋可以降低血腥奖励的击杀要求。                  \n愤怒的幽灵、吸血术、更多的血，或者更多仇恨。\n......但是这值得吗？",,,,,,,,,,,,
graham_wisdom_36,"将头骨的眼睛注满水。\n将岛上的洞穴填满鲜血。",,,,,,,,,,,,
graham_wisdom_37,"应用追踪的电浆束几乎可以杀死任何东西。          \n但这破坏了乐趣，不是吗？",,,,,,,,,,,,
graham_wisdom_38,"世界各地有6根新的独特魔杖可供寻找。          \n你都找到了吗？\n将它们献祭给众神以获得一些法术！",,,,,,,,,,,,
graham_wisdom_39,"一些面包屑是投射物。\n另一些则不是。",,,,,,,,,,,,
graham_wisdom_40,"贪婪最终会毁灭你。",,,,,,,,,,,,
graham_deathquest_1,"三次死亡开路。\n世界一片灰暗。\n水晶球会指引。\n启蒙现在开始。",,,,,,,,,,,,
graham_deathquest_2,"不要破坏连续。\n牢记如何死亡。\n三步三眼皆见。\n以死证明自己。",,,,,,,,,,,,
graham_deathquest_3,"首先，被水晶束缚的幽灵。\n让它成为你的噩梦。\n去第七层找到它。\n因它而死，道路开启。",,,,,,,,,,,,
graham_deathquest_4,"然后，相当罕见的死亡。\n毒素使你失去生命。\n沾湿自己好像身体正在燃烧。\n因它而死，学到更多。",,,,,,,,,,,,
graham_deathquest_5,"第三，强化最终boss。\n水果完全无害。\n将葫芦带给三眼。\n因它而死，领取奖励。",,,,,,,,,,,,
graham_deathquest_6,"在死亡任务中证明自己。\n成功你就会受到祝福。\n不要重启，放慢脚步。\n耐心将为你铺平道路。",,,,,,,,,,,,
graham_deathcomplete_1,"你做得很好，未来的知者。",,,,,,,,,,,,
graham_deathcomplete_2,"到达这里并不是一件容易的事。你很清楚这一点。",,,,,,,,,,,,
graham_deathcomplete_3,"整个世界都是为你而存在，你可以自由地做任何你想做的事。",,,,,,,,,,,,
graham_deathcomplete_4,"但你仍然前进。 一如既往。",,,,,,,,,,,,
graham_deathcomplete_5,"整个世界都属于你。而你还不满意？",,,,,,,,,,,,
graham_deathcomplete_6,"不，你当然不满足。我也这么觉得。",,,,,,,,,,,,
graham_deathcomplete_7,"幸运的是，我还准备了另一个奖励。",,,,,,,,,,,,
graham_deathcomplete_8,"那么，领取你真正的奖励吧。",,,,,,,,,,,,
STREAMING_EVENTS,,,,,,,,,,,,,
graham_streaming_name_banish,驱逐敌人,,,,,,,,,,,,
graham_streaming_desc_banish,将附近的一个随机敌人被完全移除,,,,,,,,,,,,
graham_streaming_name_minichest,召唤迷你宝箱,,,,,,,,,,,,
graham_streaming_desc_minichest,一个迷你宝箱出现了！,,,,,,,,,,,,
graham_streaming_name_bloodychest,召唤血腥宝箱,,,,,,,,,,,,
graham_streaming_desc_bloodychest,一个血腥宝箱出现了！,,,,,,,,,,,,
graham_streaming_name_lostchest,召唤失落宝箱,,,,,,,,,,,,
graham_streaming_desc_lostchest,一个失落宝箱出现了！,,,,,,,,,,,,
graham_streaming_name_drones,无人机！,,,,,,,,,,,,
graham_streaming_desc_drones,三架友好的无人机被召唤来帮助你！,,,,,,,,,,,,
graham_streaming_name_hail,冰雹,,,,,,,,,,,,
graham_streaming_desc_hail,节日快乐！,,,,,,,,,,,,
graham_streaming_name_midasmeat,超级点尸成金,,,,,,,,,,,,
graham_streaming_desc_midasmeat,附近的大部分肉都会转化为黄金,,,,,,,,,,,,
graham_streaming_name_mundane,平凡,,,,,,,,,,,,
graham_streaming_desc_mundane,附近的液体会转化为平凡的食物,,,,,,,,,,,,
graham_streaming_name_corrupt,Graham的嬗变,,,,,,,,,,,,
graham_streaming_desc_corrupt,附近的一些材料会转化为Graham's Things中的材料,,,,,,,,,,,,
graham_streaming_name_chaos,混乱传送,,,,,,,,,,,,
graham_streaming_desc_chaos,附近的每个生物都被不稳传送基质沾湿了！,,,,,,,,,,,,
graham_streaming_name_brambles,荆棘,,,,,,,,,,,,
graham_streaming_desc_brambles,带刺的荆棘墙包围着你！（小心......）,,,,,,,,,,,,
graham_streaming_name_fuzz,Hankaussähkö入侵,,,,,,,,,,,,
graham_streaming_desc_fuzz,他们从远处接近,,,,,,,,,,,,
graham_streaming_name_hazmat,Suojapukuhiisi入侵,,,,,,,,,,,,
graham_streaming_desc_hazmat,他们从远处接近,,,,,,,,,,,,
graham_streaming_name_tanks,迷你坦克,,,,,,,,,,,,
graham_streaming_desc_tanks,微型坦克被召唤来帮助你！,,,,,,,,,,,,
graham_streaming_name_balls,迷失方向,,,,,,,,,,,,
graham_streaming_desc_balls,附近的投射物变为弹力球,,,,,,,,,,,,
graham_streaming_name_manaheart,法力之心,,,,,,,,,,,,
graham_streaming_desc_manaheart,法力之心,,,,,,,,,,,,
graham_streaming_name_passivealwayscast,始终施放被动法术,,,,,,,,,,,,
graham_streaming_desc_passivealwayscast,随机被动法术作为“始终施放”添加到您的魔杖中,,,,,,,,,,,,
graham_streaming_name_tipsy,酒鬼幽灵,,,,,,,,,,,,
graham_streaming_desc_tipsy,你获得了一些酒鬼幽灵！,,,,,,,,,,,,
graham_streaming_name_confuse,困惑,,,,,,,,,,,,
graham_streaming_desc_confuse,你的屏幕看起来有点不稳定......,,,,,,,,,,,,
graham_streaming_name_cat,猫,,,,,,,,,,,,
graham_streaming_desc_cat,？？？,,,,,,,,,,,,
graham_streaming_name_wisdom,水晶球,,,,,,,,,,,,
graham_streaming_desc_wisdom,阅读它们以获得智慧,,,,,,,,,,,,
graham_streaming_name_translocation,个人易位,,,,,,,,,,,,
graham_streaming_desc_translocation,类似于相位弧，但更酷,,,,,,,,,,,,
graham_streaming_name_guardian,守护天使,,,,,,,,,,,,
graham_streaming_desc_guardian,你是多么善良的灵魂啊！,,,,,,,,,,,,
OTHER,,,,,,,,,,,,,
animal_graham_miner_gasser,"Suojapukuhiisi",,,,,,,,,,,,doesn't need to be translated
animal_graham_gasser_hell,"Hornasuojapukuhiisi",,,,,,,,,,,,doesn't need to be translated
animal_graham_wizard_familiar,"Viisaudenmestari",,,,,,,,,,,,doesn't need to be translated
animal_graham_fuzz,"Hankaussähkö",,,,,,,,,,,,doesn't need to be translated
graham_bookbook_name,"书",,,,,,,,,,,,
graham_chest_tech,科技宝箱,,,,,,,,,,,,
material_graham_yum,饱腹感,,,,,,,,,,,,
graham_lucky_chance,"太幸运了！($0%)",,,,,,,,,,,,
graham_mat_purplebrick,星空砌砖,,,,,,,,,,,,
graham_mat_meat_healthy,柔软的肉,,,,,,,,,,,,
graham_fortuneteller,"按互动键花费$0黄金召唤一个水晶球",,,,,,,,,,,,
graham_fortuneteller_log,"召唤了一个水晶球！",,,,,,,,,,,,
graham_fortuneteller_cant,"黄金不足！",,,,,,,,,,,,
graham_settings_check,"检查Graham's Things的mod设置菜单 - 添加了新选项！",,,,,,,,,,,,
graham_perk_unlock_lukki,你觉得蜘蛛不再那么可怕了......,,,,,,,,,,,,
graham_perk_unlock_wandslots,"不知为何，当你的旅程结束后，你感到一种渴望。",,,,,,,,,,,,
graham_magicskin,"你的最大生命值减少了$0",,,,,,,,,,,,
graham_minitank_name,Pikku-tankki,,,,,,,,,,,,doesn't need to be translated
graham_lukkimount_name,Hämähäkkiratsu,,,,,,,,,,,,doesn't need to be translated
graham_status_foam,泡沫防护,,,,,,,,,,,,
graham_statusdesc_foam,"你对火焰和绿毒免疫，并获得临时的生命值。",,,,,,,,,,,,
graham_enable_redblue,启用红色/蓝色切换器,,,,,,,,,,,,
graham_enable_greenyellow,启用绿色/黄色切换器,,,,,,,,,,,,
graham_toggle_red,切换为红色,,,,,,,,,,,,
graham_toggle_blue,切换为蓝色,,,,,,,,,,,,
graham_toggle_green,切换为绿色,,,,,,,,,,,,
graham_toggle_yellow,切换为黄色,,,,,,,,,,,,
graham_toggle_disable,禁用所有切换器,,,,,,,,,,,,
graham_killsleft,"剩余$0个击杀",,,,,,,,,,,,
graham_1killleft,"剩余一个击杀",,,,,,,,,,,,
graham_lukki_mount,"按互动键乘坐路奇坐骑",,,,,,,,,,,,
graham_lukki_dismount,"按互动键脱离路奇坐骑",,,,,,,,,,,,
graham_status_starving,饥饿,,,,,,,,,,,,
graham_statusdesc_starving,你正在从内部被吃掉。,,,,,,,,,,,,
graham_bigbook,"嘿，这里是Graham！ 只是想告诉您：\nGraham's Things依赖于一些目前仅存在于Noita测试版分支中的修改功能。\n如果没有这些功能，有些东西（例如恐怖变形气体）将无法正常工作。\n如果您使用的是Steam版本，切换到Noita的beta分支可能会让您的体验更好。                     \n如果没有，那也没关系。你可以从这本巨大的书里得到乐趣。\n一旦Noita更新使这些功能添加到正式版本，这本书将永远消失。\n多么悲伤......",,,,,,,,,,,,
graham_status_clean,非常干净,,,,,,,,,,,,
graham_statusdesc_clean,"一段时间内，你完全不会被沾湿。",,,,,,,,,,,,
graham_guardianangel_death,殉道者,,,,,,,,,,,,
graham_book_corrupt_01,"罗宾是一个从来都不会放弃的人。他们最终因此陷入了怎样的结局呢？          \n小时候，他们经常因为坚持不懈而受到表扬和奖励。\n成年后，他们也因固执而被责骂、被解雇。\n我想用两个不同的词来形容同一种精神。\n不知为何，他们坚持要被他们的神“加冕”。\n这是证明罗宾确实是最优秀、最强大、最聪明的神圣方式。\n当然......它们不是那些东西。差远了，我想罗宾也知道这一点。",,,,,,,,,,,,
graham_book_corrupt_02,"不知何故，我在很小的时候就和他们成为了朋友。\n令我不满的是，他们几乎在所有事情上都比我更有才华。\n令人震惊的是，我们的友谊在我们离开学校后持续了好几年，\n直到友谊最终破裂......这一切都归功于罗宾自己的顽固本性。\n我不断听到罗宾的故事和他们可怕又傲慢的计划，但我仍然对他们抱有一些尊重。          \n当年我在意的那些小事......现在看来真蠢啊。",,,,,,,,,,,,
graham_book_corrupt_03,"有一天，罗宾突然失踪了。一周过去了......我说服自己这是某种吸引眼球的噱头。\n我想去他们家看看并训斥他们。我想着“他们一定只是暂时低调，为了让人们好奇”。                    \n我以为他们会在一两个月后突然出现，讲述一些关于他们冒险的宏大故事，\n并再次成为镇上的最受欢迎的人。\n但他们再也没有回来。我去了他们的家，但那里只剩下一堆快要熄灭的灰烬。",,,,,,,,,,,,
graham_book_corrupt_04,"看来他们是打算把一切都抛在脑后。我搜遍了整个地区，\n试图找到任何可以证明他们曾经生活在这里的东西。\n这里什么都没有。就好像他们根本不曾存在过一样。 当然，除了村里人的哀悼。                 \n他们每天都哭泣，谈论罗宾，向众神祈祷希望获得帮助。\n我变得更加孤立。\n一切似乎都不再有意义了。这个人，这个我早已抛弃的朋友......\n为什么他们直到现在仍然对我影响如此之大？",,,,,,,,,,,,
graham_book_corrupt_05,"在我们年轻的时候，罗宾和我经常走遍我们的村庄及其周围的土地。\n但有一个地方我们从未去过。\n一个被木板封起来洞穴入口，上面贴满了危险怪物的警告标志。\n我沉浸在零散的思绪中，来到了这个我们曾坐在外面的地方，幻想了几个小时里面可能有什么。          \n但这一次木板不见了。它被扯下来扔到地上，旁边还有一个打火机和一个小笔记本。",,,,,,,,,,,,
graham_book_corrupt_06,"笔记本的书页都被烧焦了，而且还湿漉漉的。我猜一定是罗宾烧掉它不久就下雨了。                 \n文字我完全看不懂，但我认出了他们的笔迹。\n我叹了口气，拿出旅行背包，在附近的空地上坐下。\n夜幕降临时，我点起篝火从包里拿出东西吃并时刻盯着洞口。\n罗宾还在那里面。在他们回来之前我不会离开。",,,,,,,,,,,,
graham_book_corrupt_07,"于是我等了好几个星期。当我的食物即将耗尽时，他们出现了。                 \n他们浑身是血，遍体鳞伤，身后拖着一只巨型蜘蛛的尸体。\n他们看起来瘦得可怕--显然，那个山洞里本来就没有多少食物。\n最令人惊讶的是：他们似乎根本没有注意到我。\n他们低着头，拖着尸体慢慢地从我身边走过。\n他们沿着路，向我们简陋的小镇走去。\n他们到底在做什么？",,,,,,,,,,,,
graham_book_corrupt_08,"他们边走边大声的自言自语。似乎正处于疯狂的边缘--这并不让我感到惊讶。          \n他们终于配得上，受到所有人的爱戴，加冕......\n看到这些真是令人作呕。他们身后留下了很多东西。\n我跟着他们来到了镇中心。人们惊恐地看着......有些人哭了起来。\n“那是罗宾吗？！这么久之后又回来了？！”\n他们继续走着，越走越远......来到了小镇中央的祭坛前。\n他们将尸体放在祭坛上，跪下，仰望天空开始祈祷。",,,,,,,,,,,,
DUMMY_LINE,,,,,,,,,,,,,